{"stats":{"minecraft:custom":{"minecraft:interact_with_anvil":5,"minecraft:play_record":5,"minecraft:interact_with_crafting_table":19,"minecraft:tune_noteblock":5,"minecraft:bell_ring":21,"minecraft:leave_game":22,"minecraft:time_since_death":23625532,"minecraft:time_since_rest":23625532,"minecraft:sprint_one_cm":85549,"minecraft:walk_one_cm":488397,"minecraft:drop":15,"minecraft:damage_dealt":30,"minecraft:target_hit":121,"minecraft:fly_one_cm":7027212,"minecraft:open_chest":11,"minecraft:crouch_one_cm":50465,"minecraft:play_time":23625532,"minecraft:sneak_time":857377,"minecraft:interact_with_lectern":4,"minecraft:aviate_one_cm":244729987,"minecraft:jump":2362,"minecraft:total_world_time":23625532,"minecraft:inspect_dispenser":21},"minecraft:crafted":{"minecraft:firework_star":6,"minecraft:firework_rocket":15},"minecraft:picked_up":{"minecraft:music_disc_5":3,"minecraft:repeater":13,"minecraft:gold_nugget":2,"minecraft:comparator":6,"minecraft:redstone_torch":37,"minecraft:music_disc_relic":1,"minecraft:music_disc_11":1,"minecraft:redstone":280,"minecraft:firework_rocket":4,"minecraft:sculk_sensor":2,"minecraft:decorated_pot":65,"minecraft:lever":3,"minecraft:snowball":2,"minecraft:ender_pearl":3},"minecraft:dropped":{"minecraft:spyglass":1,"minecraft:ender_pearl":1,"minecraft:sculk_sensor":2,"minecraft:stone":1,"minecraft:trident":1,"minecraft:snowball":2,"minecraft:gold_nugget":2,"minecraft:firework_rocket":6},"minecraft:used":{"minecraft:trident":1464,"minecraft:end_rod":12,"minecraft:orange_concrete":1,"minecraft:dispenser":92,"minecraft:redstone":1092,"minecraft:elytra":1,"minecraft:oak_sign":18,"minecraft:ender_pearl":223,"minecraft:decorated_pot":68,"minecraft:music_disc_5":3,"minecraft:creeper_head":3,"minecraft:redstone_block":20,"minecraft:bell":5,"minecraft:calibrated_sculk_sensor":1,"minecraft:deepslate_bricks":1,"minecraft:sculk_sensor":15,"minecraft:spyglass":41,"minecraft:anvil":3,"minecraft:comparator":7,"minecraft:crafting_table":6,"minecraft:tnt":1,"minecraft:sculk_shrieker":6,"minecraft:orange_wool":45,"minecraft:note_block":1,"minecraft:gray_concrete":1,"minecraft:music_disc_11":1,"minecraft:black_concrete_powder":1,"minecraft:snowball":3,"minecraft:lightning_rod":4,"minecraft:obsidian":2,"minecraft:music_disc_relic":1,"minecraft:redstone_torch":308,"minecraft:sticky_piston":127,"minecraft:black_terracotta":2,"minecraft:glass":5,"minecraft:lever":5,"minecraft:black_concrete":207,"minecraft:black_wool":1,"minecraft:firework_rocket":7870,"minecraft:crying_obsidian":76,"minecraft:lantern":2,"minecraft:grass_block":38,"minecraft:stone_button":1,"minecraft:oak_pressure_plate":1,"minecraft:yellow_wool":482,"minecraft:bedrock":147,"minecraft:light_gray_wool":67,"minecraft:repeater":197,"minecraft:redstone_lamp":22,"minecraft:magenta_wool":5,"minecraft:written_book":2,"minecraft:goat_horn":61,"minecraft:observer":37,"minecraft:jukebox":1}},"DataVersion":3700}