{"stats":{"minecraft:dropped":{"minecraft:ender_pearl":1,"minecraft:snowball":2,"minecraft:sculk_sensor":1,"minecraft:firework_rocket":4},"minecraft:crafted":{"minecraft:firework_star":1,"minecraft:firework_rocket":3},"minecraft:custom":{"minecraft:time_since_rest":3053466,"minecraft:sprint_one_cm":45432,"minecraft:walk_one_cm":203510,"minecraft:interact_with_anvil":1,"minecraft:drop":8,"minecraft:fly_one_cm":1451249,"minecraft:tune_noteblock":5,"minecraft:interact_with_crafting_table":3,"minecraft:target_hit":120,"minecraft:open_chest":8,"minecraft:crouch_one_cm":26737,"minecraft:play_time":3053466,"minecraft:sneak_time":41247,"minecraft:bell_ring":21,"minecraft:interact_with_lectern":1,"minecraft:aviate_one_cm":30452804,"minecraft:jump":800,"minecraft:leave_game":10,"minecraft:time_since_death":3053466,"minecraft:total_world_time":3053466,"minecraft:inspect_dispenser":11},"minecraft:picked_up":{"minecraft:repeater":6,"minecraft:redstone":184,"minecraft:firework_rocket":3,"minecraft:sculk_sensor":1,"minecraft:decorated_pot":65,"minecraft:redstone_torch":9,"minecraft:snowball":2,"minecraft:ender_pearl":3},"minecraft:used":{"minecraft:redstone_torch":48,"minecraft:sticky_piston":4,"minecraft:black_terracotta":2,"minecraft:trident":6,"minecraft:lever":1,"minecraft:black_wool":1,"minecraft:black_concrete":205,"minecraft:firework_rocket":1613,"minecraft:lantern":2,"minecraft:dispenser":82,"minecraft:redstone":247,"minecraft:elytra":1,"minecraft:ender_pearl":206,"minecraft:decorated_pot":68,"minecraft:creeper_head":3,"minecraft:oak_pressure_plate":1,"minecraft:bell":5,"minecraft:calibrated_sculk_sensor":1,"minecraft:yellow_wool":15,"minecraft:sculk_sensor":7,"minecraft:bedrock":103,"minecraft:repeater":17,"minecraft:spyglass":6,"minecraft:anvil":1,"minecraft:written_book":2,"minecraft:crafting_table":1,"minecraft:goat_horn":46,"minecraft:orange_wool":45,"minecraft:note_block":1,"minecraft:black_concrete_powder":1,"minecraft:observer":14,"minecraft:snowball":3,"minecraft:lightning_rod":4}},"DataVersion":3700}