{"stats":{"minecraft:dropped":{"minecraft:redstone_torch":1,"minecraft:light_gray_wool":1,"minecraft:lever":1,"minecraft:orange_wool":1,"minecraft:white_wool":1,"minecraft:redstone":1,"minecraft:firework_rocket":1},"minecraft:custom":{"minecraft:time_since_rest":5506212,"minecraft:sprint_one_cm":3075,"minecraft:crouch_one_cm":6311,"minecraft:play_time":5506212,"minecraft:walk_one_cm":98239,"minecraft:sneak_time":51303,"minecraft:drop":7,"minecraft:aviate_one_cm":11592573,"minecraft:jump":241,"minecraft:leave_game":2,"minecraft:time_since_death":5506212,"minecraft:total_world_time":5506687,"minecraft:fly_one_cm":5831108,"minecraft:open_chest":6},"minecraft:picked_up":{"minecraft:repeater":46,"minecraft:comparator":44,"minecraft:redstone_torch":24,"minecraft:spruce_sign":1,"minecraft:light_gray_wool":1,"minecraft:redstone":228,"minecraft:white_wool":1},"minecraft:used":{"minecraft:yellow_wool":114,"minecraft:redstone_torch":205,"minecraft:orange_stained_glass":4,"minecraft:light_gray_wool":24,"minecraft:white_wool":3,"minecraft:lever":1,"minecraft:repeater":50,"minecraft:redstone_lamp":18,"minecraft:firework_rocket":451,"minecraft:comparator":9,"minecraft:written_book":2,"minecraft:birch_planks":1,"minecraft:light_blue_wool":2,"minecraft:redstone":191,"minecraft:orange_wool":196,"minecraft:cherry_planks":1}},"DataVersion":3700}