{"stats":{"minecraft:custom":{"minecraft:time_since_rest":31295587,"minecraft:sprint_one_cm":11511,"minecraft:walk_one_cm":201775,"minecraft:drop":12,"minecraft:fly_one_cm":8117693,"minecraft:open_chest":6,"minecraft:crouch_one_cm":8114,"minecraft:play_time":31295587,"minecraft:sneak_time":91655,"minecraft:interact_with_lectern":1,"minecraft:aviate_one_cm":35201750,"minecraft:jump":398,"minecraft:leave_game":7,"minecraft:time_since_death":31295587,"minecraft:total_world_time":31297062},"minecraft:picked_up":{"minecraft:repeater":46,"minecraft:redstone":255,"minecraft:comparator":45,"minecraft:redstone_torch":27,"minecraft:spruce_sign":1,"minecraft:light_gray_wool":1,"minecraft:white_wool":1},"minecraft:dropped":{"minecraft:lever":1,"minecraft:trident":1,"minecraft:repeater":1,"minecraft:redstone_torch":3,"minecraft:light_gray_wool":1,"minecraft:comparator":1,"minecraft:orange_wool":1,"minecraft:white_wool":1,"minecraft:redstone":1,"minecraft:firework_rocket":1},"minecraft:used":{"minecraft:redstone_torch":218,"minecraft:trident":61,"minecraft:lever":1,"minecraft:firework_rocket":798,"minecraft:birch_planks":1,"minecraft:redstone":200,"minecraft:cherry_planks":1,"minecraft:yellow_wool":115,"minecraft:light_gray_wool":25,"minecraft:white_wool":3,"minecraft:orange_stained_glass":4,"minecraft:repeater":53,"minecraft:redstone_lamp":18,"minecraft:comparator":10,"minecraft:written_book":2,"minecraft:light_blue_wool":2,"minecraft:orange_wool":196}},"DataVersion":3700}