{"stats":{"minecraft:custom":{"minecraft:time_since_rest":5296362,"minecraft:open_chest":6,"minecraft:crouch_one_cm":3174,"minecraft:play_time":5678474,"minecraft:sprint_one_cm":6614,"minecraft:damage_taken":650,"minecraft:deaths":1,"minecraft:walk_one_cm":55023,"minecraft:sneak_time":127178,"minecraft:interact_with_lectern":5,"minecraft:drop":11,"minecraft:jump":281,"minecraft:leave_game":21,"minecraft:time_since_death":5296276,"minecraft:total_world_time":5678474,"minecraft:target_hit":49,"minecraft:fall_one_cm":6408,"minecraft:fly_one_cm":7198322},"minecraft:picked_up":{"minecraft:repeater":2,"minecraft:lever":19,"minecraft:spyglass":1,"minecraft:comparator":6,"minecraft:redstone_torch":21,"minecraft:redstone":110,"minecraft:ender_pearl":1,"minecraft:orange_wool":1,"minecraft:purple_terracotta":64},"minecraft:dropped":{"minecraft:redstone_torch":1,"minecraft:comparator":1,"minecraft:orange_wool":1,"minecraft:redstone":8},"minecraft:used":{"minecraft:redstone_torch":153,"minecraft:redstone_lamp":87,"minecraft:glass":4,"minecraft:lever":54,"minecraft:repeater":23,"minecraft:spyglass":41,"minecraft:firework_rocket":177,"minecraft:bow":11,"minecraft:comparator":43,"minecraft:written_book":1,"minecraft:redstone":294,"minecraft:orange_wool":398,"minecraft:yellow_concrete":60,"minecraft:oak_sign":3,"minecraft:ender_pearl":24,"minecraft:snowball":1994}},"DataVersion":3700}