{"stats":{"minecraft:dropped":{"minecraft:redstone_torch":1,"minecraft:comparator":1,"minecraft:orange_wool":1,"minecraft:redstone":8},"minecraft:custom":{"minecraft:time_since_rest":3265981,"minecraft:open_chest":4,"minecraft:crouch_one_cm":2001,"minecraft:sprint_one_cm":5589,"minecraft:play_time":3648093,"minecraft:damage_taken":620,"minecraft:deaths":1,"minecraft:walk_one_cm":29563,"minecraft:sneak_time":90637,"minecraft:interact_with_lectern":2,"minecraft:drop":11,"minecraft:jump":181,"minecraft:leave_game":14,"minecraft:time_since_death":3265895,"minecraft:total_world_time":3648093,"minecraft:target_hit":49,"minecraft:fall_one_cm":6408,"minecraft:fly_one_cm":5269874},"minecraft:picked_up":{"minecraft:repeater":2,"minecraft:lever":19,"minecraft:comparator":6,"minecraft:redstone_torch":21,"minecraft:redstone":105,"minecraft:ender_pearl":1,"minecraft:orange_wool":1,"minecraft:purple_terracotta":64},"minecraft:used":{"minecraft:redstone_torch":148,"minecraft:glass":4,"minecraft:lever":54,"minecraft:repeater":22,"minecraft:redstone_lamp":87,"minecraft:bow":11,"minecraft:comparator":43,"minecraft:written_book":1,"minecraft:redstone":272,"minecraft:orange_wool":367,"minecraft:yellow_concrete":60,"minecraft:oak_sign":3,"minecraft:ender_pearl":24,"minecraft:snowball":1786}},"DataVersion":3700}