{"stats":{"minecraft:custom":{"minecraft:time_since_rest":1428594,"minecraft:open_chest":3,"minecraft:crouch_one_cm":2458,"minecraft:sprint_one_cm":98611,"minecraft:play_time":22580198,"minecraft:deaths":1,"minecraft:damage_taken":280,"minecraft:walk_one_cm":154710,"minecraft:sneak_time":662783,"minecraft:aviate_one_cm":3993599,"minecraft:jump":1323,"minecraft:leave_game":27,"minecraft:time_since_death":1427277,"minecraft:total_world_time":22580198,"minecraft:fly_one_cm":11981461},"minecraft:picked_up":{"minecraft:redstone_torch":13,"minecraft:spruce_sign":1,"minecraft:redstone":13},"minecraft:used":{"minecraft:redstone_torch":267,"minecraft:white_wool":2,"minecraft:light_gray_wool":9,"minecraft:trident":41,"minecraft:glass":5,"minecraft:orange_stained_glass":1,"minecraft:black_concrete":2,"minecraft:repeater":36,"minecraft:redstone_lamp":2,"minecraft:firework_rocket":15,"minecraft:target":2,"minecraft:black_stained_glass":3,"minecraft:magenta_wool":4,"minecraft:written_book":1,"minecraft:redstone":179,"minecraft:lime_wool":11,"minecraft:white_stained_glass":2,"minecraft:oak_planks":1,"minecraft:orange_wool":25,"minecraft:oak_sign":1,"minecraft:gray_wool":1,"minecraft:spruce_sign":2,"minecraft:white_dye":2,"minecraft:glow_ink_sac":2,"minecraft:yellow_wool":18}},"DataVersion":3700}