{"stats":{"minecraft:custom":{"minecraft:time_since_rest":4330737,"minecraft:open_chest":3,"minecraft:crouch_one_cm":1931,"minecraft:sprint_one_cm":50460,"minecraft:play_time":4330737,"minecraft:walk_one_cm":69980,"minecraft:sneak_time":164315,"minecraft:jump":551,"minecraft:leave_game":16,"minecraft:time_since_death":4330737,"minecraft:total_world_time":4330737,"minecraft:fly_one_cm":4749415},"minecraft:picked_up":{"minecraft:spruce_sign":1,"minecraft:redstone":1},"minecraft:used":{"minecraft:redstone_torch":4,"minecraft:trident":2,"minecraft:black_concrete":2,"minecraft:redstone_lamp":1,"minecraft:target":2,"minecraft:written_book":1,"minecraft:redstone":24,"minecraft:white_stained_glass":2,"minecraft:oak_planks":1,"minecraft:oak_sign":1,"minecraft:orange_wool":25,"minecraft:spruce_sign":2,"minecraft:white_dye":2,"minecraft:glow_ink_sac":2}},"DataVersion":3700}